client timestamp,button,state,x,y
1323,NoButton,Move,1257,715
1331,NoButton,Move,1257,715
1339,NoButton,Move,1257,715
1347,NoButton,Move,1257,715
1355,NoButton,Move,1257,715
1362,NoButton,Move,1257,715
1371,NoButton,Move,1257,715
1379,NoButton,Move,1257,715
1387,NoButton,Move,1257,715
1395,NoButton,Move,1257,715
1403,NoButton,Move,1257,715
1411,NoButton,Move,1257,715
1419,NoButton,Move,1257,715
1427,NoButton,Move,1257,712
1435,NoButton,Move,1257,709
1442,NoButton,Move,1257,708
1451,NoButton,Move,1257,705
1459,NoButton,Move,1257,703
1467,NoButton,Move,1257,702
1475,NoButton,Move,1257,699
1483,NoButton,Move,1257,697
1491,NoButton,Move,1257,697
1498,NoButton,Move,1257,696
1507,NoButton,Move,1257,694
1514,NoButton,Move,1257,694
1523,NoButton,Move,1257,694
1531,NoButton,Move,1257,694
1539,NoButton,Move,1257,693
1547,NoButton,Move,1257,693
1555,NoButton,Move,1257,693
1562,NoButton,Move,1257,693
1571,NoButton,Move,1257,691
1579,NoButton,Move,1257,691
1587,NoButton,Move,1257,691
1594,NoButton,Move,1257,691
1603,NoButton,Move,1257,691
1611,NoButton,Move,1257,691
1619,NoButton,Move,1257,691
1627,NoButton,Move,1257,691
1635,NoButton,Move,1257,691
1642,NoButton,Move,1257,691
1651,NoButton,Move,1257,691
1659,NoButton,Move,1257,691
1667,NoButton,Move,1257,691
1675,NoButton,Move,1257,691
1683,NoButton,Move,1257,691
1691,NoButton,Move,1257,691
1699,NoButton,Move,1257,690
1707,NoButton,Move,1257,688
1714,NoButton,Move,1257,688
1723,NoButton,Move,1257,687
1731,NoButton,Move,1257,687
1738,NoButton,Move,1257,687
1747,NoButton,Move,1257,685
1755,NoButton,Move,1257,685
1763,NoButton,Move,1257,685
1771,NoButton,Move,1257,685
1779,NoButton,Move,1257,685
1787,NoButton,Move,1257,685
1795,NoButton,Move,1257,685
1803,NoButton,Move,1257,685
1811,NoButton,Move,1257,685
1819,NoButton,Move,1257,685
1826,NoButton,Move,1257,685
1835,NoButton,Move,1257,685
1840,Left,Pressed,1257,685
1840,Left,Released,1257,685
2267,NoButton,Move,1257,685
2275,NoButton,Move,1257,685
2283,NoButton,Move,1257,685
2291,NoButton,Move,1257,685
2299,NoButton,Move,1257,685
2306,NoButton,Move,1257,685
2314,NoButton,Move,1257,685
2323,NoButton,Move,1257,685
2331,NoButton,Move,1257,685
2339,NoButton,Move,1257,685
2346,NoButton,Move,1257,685
2354,NoButton,Move,1257,685
2363,NoButton,Move,1257,685
2371,NoButton,Move,1259,685
2379,NoButton,Move,1262,684
2387,NoButton,Move,1263,682
2395,NoButton,Move,1265,681
2403,NoButton,Move,1268,679
2411,NoButton,Move,1269,678
2419,NoButton,Move,1271,676
2427,NoButton,Move,1272,676
2434,NoButton,Move,1274,676
2443,NoButton,Move,1274,675
2451,NoButton,Move,1274,675
2458,NoButton,Move,1274,673
2467,NoButton,Move,1274,673
2475,NoButton,Move,1275,673
2483,NoButton,Move,1275,673
2491,NoButton,Move,1277,673
2499,NoButton,Move,1277,673
2506,NoButton,Move,1277,672
2514,NoButton,Move,1278,672
2523,NoButton,Move,1280,670
2531,NoButton,Move,1280,670
2539,NoButton,Move,1280,670
2547,NoButton,Move,1281,670
2555,NoButton,Move,1281,670
2563,NoButton,Move,1281,670
2571,NoButton,Move,1281,670
2579,NoButton,Move,1281,670
2587,NoButton,Move,1281,670
2595,NoButton,Move,1281,670
2603,NoButton,Move,1281,670
2611,NoButton,Move,1281,670
2618,NoButton,Move,1281,670
2627,NoButton,Move,1281,670
2635,NoButton,Move,1281,670
2642,NoButton,Move,1281,670
2651,NoButton,Move,1281,670
2659,NoButton,Move,1281,670
2667,NoButton,Move,1281,670
2674,NoButton,Move,1281,670
2682,NoButton,Move,1281,670
2691,NoButton,Move,1281,670
2699,NoButton,Move,1281,670
2707,NoButton,Move,1281,670
2712,Left,Pressed,1281,670
2712,Left,Released,1281,670
3131,NoButton,Move,1281,670
3138,NoButton,Move,1281,670
3147,NoButton,Move,1281,670
3155,NoButton,Move,1281,670
3163,NoButton,Move,1281,670
3171,NoButton,Move,1281,670
3178,NoButton,Move,1281,670
3187,NoButton,Move,1281,670
3195,NoButton,Move,1281,670
3203,NoButton,Move,1281,670
3211,NoButton,Move,1281,670
3219,NoButton,Move,1281,670
3227,NoButton,Move,1281,670
3235,NoButton,Move,1281,670
3243,NoButton,Move,1281,670
3251,NoButton,Move,1281,670
3259,NoButton,Move,1283,670
3266,NoButton,Move,1284,670
3275,NoButton,Move,1287,670
3283,NoButton,Move,1289,670
3291,NoButton,Move,1292,671
3299,NoButton,Move,1295,671
3306,NoButton,Move,1298,673
3315,NoButton,Move,1299,673
3323,NoButton,Move,1302,673
3331,NoButton,Move,1302,673
3339,NoButton,Move,1304,673
3347,NoButton,Move,1305,673
3355,NoButton,Move,1305,674
3362,NoButton,Move,1307,674
3371,NoButton,Move,1307,674
3379,NoButton,Move,1308,674
3386,NoButton,Move,1308,676
3395,NoButton,Move,1308,676
3403,NoButton,Move,1308,676
3411,NoButton,Move,1310,676
3418,NoButton,Move,1310,676
3427,NoButton,Move,1310,676
3435,NoButton,Move,1310,676
3443,NoButton,Move,1310,676
3451,NoButton,Move,1310,677
3458,NoButton,Move,1310,677
3467,NoButton,Move,1310,677
3475,NoButton,Move,1310,677
3483,NoButton,Move,1310,677
3491,NoButton,Move,1310,677
3499,NoButton,Move,1310,677
3507,NoButton,Move,1310,677
3515,NoButton,Move,1310,677
3523,NoButton,Move,1310,677
3530,NoButton,Move,1310,677
3538,NoButton,Move,1310,677
3547,NoButton,Move,1310,677
3555,NoButton,Move,1310,677
3562,NoButton,Move,1310,677
3570,NoButton,Move,1310,677
3579,NoButton,Move,1310,677
3587,NoButton,Move,1310,677
3595,NoButton,Move,1310,677
3602,NoButton,Move,1310,677
3611,NoButton,Move,1310,677
3619,NoButton,Move,1310,677
3627,NoButton,Move,1310,677
3635,NoButton,Move,1310,677
3643,NoButton,Move,1310,677
3651,NoButton,Move,1310,677
3655,Left,Pressed,1310,677
3655,Left,Released,1310,677
4131,NoButton,Move,1310,677
4139,NoButton,Move,1310,677
4147,NoButton,Move,1310,677
4155,NoButton,Move,1310,677
4163,NoButton,Move,1310,677
4171,NoButton,Move,1310,677
4178,NoButton,Move,1310,677
4187,NoButton,Move,1310,677
4195,NoButton,Move,1310,677
4203,NoButton,Move,1310,677
4211,NoButton,Move,1310,677
4219,NoButton,Move,1310,677
4227,NoButton,Move,1310,677
4235,NoButton,Move,1310,677
4243,NoButton,Move,1310,677
4251,NoButton,Move,1310,677
4258,NoButton,Move,1310,677
4267,NoButton,Move,1310,677
4275,NoButton,Move,1310,677
4283,NoButton,Move,1310,677
4291,NoButton,Move,1310,677
4299,NoButton,Move,1310,679
4307,NoButton,Move,1311,682
4315,NoButton,Move,1313,683
4323,NoButton,Move,1313,686
4331,NoButton,Move,1314,689
4339,NoButton,Move,1316,692
4346,NoButton,Move,1316,695
4354,NoButton,Move,1317,698
4362,NoButton,Move,1317,700
4371,NoButton,Move,1319,703
4378,NoButton,Move,1319,704
4386,NoButton,Move,1319,704
4394,NoButton,Move,1320,706
4403,NoButton,Move,1320,706
4411,NoButton,Move,1320,706
4419,NoButton,Move,1320,706
4427,NoButton,Move,1320,706
4435,NoButton,Move,1320,706
4443,NoButton,Move,1320,706
4451,NoButton,Move,1320,706
4459,NoButton,Move,1320,706
4467,NoButton,Move,1320,706
4474,NoButton,Move,1320,706
4483,NoButton,Move,1320,706
4491,NoButton,Move,1320,706
4499,NoButton,Move,1320,706
4507,NoButton,Move,1320,706
4515,NoButton,Move,1320,706
4523,NoButton,Move,1320,706
4531,NoButton,Move,1320,706
4539,NoButton,Move,1320,706
4547,NoButton,Move,1320,706
4555,NoButton,Move,1320,706
4563,NoButton,Move,1320,706
4571,NoButton,Move,1320,706
4578,NoButton,Move,1320,706
4587,NoButton,Move,1320,706
4595,NoButton,Move,1320,706
4603,NoButton,Move,1320,706
4610,NoButton,Move,1320,706
4616,Left,Pressed,1320,706
4616,Left,Released,1320,706
5066,NoButton,Move,1320,702
5075,NoButton,Move,1320,702
5082,NoButton,Move,1320,702
5091,NoButton,Move,1320,702
5099,NoButton,Move,1320,702
5107,NoButton,Move,1320,702
5115,NoButton,Move,1320,702
5123,NoButton,Move,1320,702
5131,NoButton,Move,1320,702
5139,NoButton,Move,1320,702
5146,NoButton,Move,1320,702
5154,NoButton,Move,1320,702
5163,NoButton,Move,1320,702
5170,NoButton,Move,1320,702
5179,NoButton,Move,1320,702
5187,NoButton,Move,1320,702
5195,NoButton,Move,1320,702
5203,NoButton,Move,1320,702
5211,NoButton,Move,1320,702
5219,NoButton,Move,1320,702
5227,NoButton,Move,1320,704
5234,NoButton,Move,1320,704
5243,NoButton,Move,1320,707
5251,NoButton,Move,1320,707
5259,NoButton,Move,1320,710
5267,NoButton,Move,1320,712
5275,NoButton,Move,1320,713
5283,NoButton,Move,1320,715
5290,NoButton,Move,1320,718
5299,NoButton,Move,1320,719
5307,NoButton,Move,1319,721
5315,NoButton,Move,1319,722
5323,NoButton,Move,1319,724
5330,NoButton,Move,1318,725
5339,NoButton,Move,1318,725
5347,NoButton,Move,1318,727
5355,NoButton,Move,1318,727
5363,NoButton,Move,1318,727
5370,NoButton,Move,1318,727
5379,NoButton,Move,1318,727
5387,NoButton,Move,1318,727
5395,NoButton,Move,1318,727
5403,NoButton,Move,1318,727
5410,NoButton,Move,1318,727
5419,NoButton,Move,1318,727
5427,NoButton,Move,1318,727
5434,NoButton,Move,1318,727
5443,NoButton,Move,1318,727
5451,NoButton,Move,1318,727
5459,NoButton,Move,1318,727
5467,NoButton,Move,1318,727
5475,NoButton,Move,1318,727
5483,NoButton,Move,1318,727
5491,NoButton,Move,1318,727
5499,NoButton,Move,1318,727
5507,NoButton,Move,1318,727
5515,NoButton,Move,1318,727
5523,NoButton,Move,1318,727
5530,NoButton,Move,1318,727
5539,NoButton,Move,1318,727
5546,NoButton,Move,1318,727
5552,Left,Pressed,1318,727
5552,Left,Released,1318,727
5995,NoButton,Move,1318,727
6003,NoButton,Move,1318,727
6011,NoButton,Move,1318,727
6019,NoButton,Move,1318,727
6027,NoButton,Move,1318,727
6035,NoButton,Move,1318,727
6043,NoButton,Move,1318,727
6051,NoButton,Move,1318,727
6059,NoButton,Move,1318,727
6067,NoButton,Move,1318,727
6074,NoButton,Move,1318,727
6083,NoButton,Move,1318,727
6091,NoButton,Move,1318,727
6099,NoButton,Move,1318,727
6106,NoButton,Move,1318,727
6115,NoButton,Move,1318,727
6122,NoButton,Move,1318,727
6131,NoButton,Move,1318,727
6139,NoButton,Move,1318,727
6146,NoButton,Move,1318,727
6155,NoButton,Move,1318,727
6163,NoButton,Move,1318,727
6171,NoButton,Move,1318,727
6179,NoButton,Move,1316,727
6187,NoButton,Move,1315,728
6195,NoButton,Move,1313,730
6203,NoButton,Move,1310,733
6211,NoButton,Move,1306,734
6219,NoButton,Move,1303,737
6226,NoButton,Move,1300,740
6234,NoButton,Move,1297,742
6243,NoButton,Move,1295,743
6250,NoButton,Move,1295,745
6258,NoButton,Move,1295,745
6267,NoButton,Move,1295,745
6274,NoButton,Move,1295,745
6282,NoButton,Move,1295,745
6291,NoButton,Move,1295,745
6299,NoButton,Move,1295,745
6306,NoButton,Move,1295,745
6315,NoButton,Move,1295,745
6323,NoButton,Move,1295,745
6331,NoButton,Move,1295,745
6339,NoButton,Move,1295,745
6347,NoButton,Move,1295,745
6355,NoButton,Move,1295,745
6363,NoButton,Move,1295,745
6371,NoButton,Move,1295,745
6379,NoButton,Move,1295,745
6387,NoButton,Move,1295,745
6395,NoButton,Move,1295,745
6403,NoButton,Move,1295,745
6411,NoButton,Move,1295,745
6419,NoButton,Move,1295,745
6427,NoButton,Move,1295,745
6435,NoButton,Move,1295,745
6443,NoButton,Move,1295,745
6451,NoButton,Move,1295,745
6459,NoButton,Move,1295,745
6467,NoButton,Move,1295,745
6475,NoButton,Move,1295,745
6483,NoButton,Move,1295,745
6491,NoButton,Move,1295,745
6499,NoButton,Move,1295,745
6507,NoButton,Move,1295,745
6512,Left,Pressed,1295,745
6512,Left,Released,1295,745
6931,NoButton,Move,1295,745
6939,NoButton,Move,1295,745
6947,NoButton,Move,1295,745
6955,NoButton,Move,1295,745
6963,NoButton,Move,1295,745
6971,NoButton,Move,1295,745
6979,NoButton,Move,1295,745
6986,NoButton,Move,1295,745
6995,NoButton,Move,1295,745
7003,NoButton,Move,1295,745
7010,NoButton,Move,1295,745
7019,NoButton,Move,1295,745
7027,NoButton,Move,1295,745
7035,NoButton,Move,1295,745
7043,NoButton,Move,1295,745
7050,NoButton,Move,1295,745
7058,NoButton,Move,1295,745
7067,NoButton,Move,1295,745
7074,NoButton,Move,1295,745
7083,NoButton,Move,1295,745
7091,NoButton,Move,1295,745
7099,NoButton,Move,1295,745
7106,NoButton,Move,1295,745
7115,NoButton,Move,1294,745
7122,NoButton,Move,1294,745
7131,NoButton,Move,1294,745
7139,NoButton,Move,1294,745
7147,NoButton,Move,1294,745
7155,NoButton,Move,1294,745
7163,NoButton,Move,1294,745
7171,NoButton,Move,1294,745
7178,NoButton,Move,1294,745
7187,NoButton,Move,1292,745
7195,NoButton,Move,1289,745
7203,NoButton,Move,1288,746
7210,NoButton,Move,1285,746
7218,NoButton,Move,1283,746
7227,NoButton,Move,1283,746
7235,NoButton,Move,1282,746
7242,NoButton,Move,1280,748
7251,NoButton,Move,1279,748
7259,NoButton,Move,1279,748
7267,NoButton,Move,1277,748
7275,NoButton,Move,1276,748
7282,NoButton,Move,1276,748
7291,NoButton,Move,1276,748
7298,NoButton,Move,1276,748
7306,NoButton,Move,1274,748
7315,NoButton,Move,1274,748
7323,NoButton,Move,1273,748
7331,NoButton,Move,1273,748
7338,NoButton,Move,1271,749
7346,NoButton,Move,1268,749
7354,NoButton,Move,1267,751
7363,NoButton,Move,1265,751
7371,NoButton,Move,1264,751
7379,NoButton,Move,1262,751
7387,NoButton,Move,1262,752
7395,NoButton,Move,1262,752
7403,NoButton,Move,1262,752
7411,NoButton,Move,1262,752
7418,NoButton,Move,1262,752
7427,NoButton,Move,1262,752
7435,NoButton,Move,1262,752
7443,NoButton,Move,1262,752
7451,NoButton,Move,1262,752
7459,NoButton,Move,1262,752
7467,NoButton,Move,1262,752
7474,NoButton,Move,1262,752
7483,NoButton,Move,1262,752
7491,NoButton,Move,1262,752
7499,NoButton,Move,1262,752
7507,NoButton,Move,1262,752
7515,NoButton,Move,1262,752
7523,NoButton,Move,1262,752
7530,NoButton,Move,1262,752
7536,Left,Pressed,1262,752
7536,Left,Released,1262,752
7963,NoButton,Move,1262,752
7971,NoButton,Move,1262,752
7978,NoButton,Move,1262,752
7986,NoButton,Move,1262,752
7995,NoButton,Move,1262,752
8002,NoButton,Move,1262,752
8011,NoButton,Move,1262,752
8019,NoButton,Move,1262,752
8027,NoButton,Move,1262,752
8035,NoButton,Move,1262,752
8043,NoButton,Move,1262,752
8051,NoButton,Move,1262,752
8059,NoButton,Move,1262,752
8067,NoButton,Move,1262,752
8075,NoButton,Move,1262,752
8083,NoButton,Move,1262,752
8090,NoButton,Move,1262,752
8098,NoButton,Move,1262,752
8107,NoButton,Move,1262,752
8115,NoButton,Move,1262,752
8123,NoButton,Move,1261,751
8131,NoButton,Move,1261,750
8139,NoButton,Move,1259,750
8147,NoButton,Move,1259,748
8155,NoButton,Move,1258,747
8163,NoButton,Move,1258,745
8170,NoButton,Move,1256,744
8179,NoButton,Move,1256,742
8187,NoButton,Move,1255,741
8195,NoButton,Move,1253,739
8203,NoButton,Move,1252,738
8211,NoButton,Move,1252,736
8219,NoButton,Move,1250,736
8227,NoButton,Move,1250,735
8235,NoButton,Move,1250,735
8243,NoButton,Move,1250,735
8251,NoButton,Move,1250,735
8258,NoButton,Move,1250,735
8267,NoButton,Move,1250,735
8275,NoButton,Move,1249,733
8283,NoButton,Move,1249,733
8291,NoButton,Move,1247,732
8299,NoButton,Move,1247,732
8307,NoButton,Move,1247,732
8314,NoButton,Move,1246,732
8323,NoButton,Move,1246,729
8330,NoButton,Move,1246,729
8339,NoButton,Move,1246,729
8347,NoButton,Move,1246,729
8355,NoButton,Move,1244,726
8363,NoButton,Move,1244,726
8371,NoButton,Move,1243,724
8379,NoButton,Move,1243,723
8387,NoButton,Move,1243,723
8395,NoButton,Move,1243,723
8403,NoButton,Move,1243,723
8411,NoButton,Move,1243,723
8419,NoButton,Move,1243,721
8427,NoButton,Move,1243,721
8435,NoButton,Move,1243,721
8443,NoButton,Move,1243,721
8451,NoButton,Move,1243,721
8458,NoButton,Move,1243,721
8467,NoButton,Move,1243,721
8475,NoButton,Move,1243,721
8483,NoButton,Move,1243,721
8488,Left,Pressed,1243,721
8488,Left,Released,1243,721
9483,NoButton,Move,1245,729
9491,NoButton,Move,1245,729
9499,NoButton,Move,1245,729
9506,NoButton,Move,1245,729
9515,NoButton,Move,1245,729
9522,NoButton,Move,1245,729
9531,NoButton,Move,1245,729
9539,NoButton,Move,1245,729
9546,NoButton,Move,1245,729
9555,NoButton,Move,1245,729
9563,NoButton,Move,1245,729
9570,NoButton,Move,1245,729
9578,NoButton,Move,1245,729
9586,NoButton,Move,1245,729
9594,NoButton,Move,1245,729
9602,NoButton,Move,1245,729
9611,NoButton,Move,1245,729
9619,NoButton,Move,1245,729
9627,NoButton,Move,1245,729
9635,NoButton,Move,1245,727
9643,NoButton,Move,1245,726
9651,NoButton,Move,1244,726
9659,NoButton,Move,1244,724
9667,NoButton,Move,1244,723
9674,NoButton,Move,1243,723
9683,NoButton,Move,1243,721
9691,NoButton,Move,1243,720
9699,NoButton,Move,1241,717
9707,NoButton,Move,1241,715
9715,NoButton,Move,1241,714
9723,NoButton,Move,1240,712
9730,NoButton,Move,1240,711
9738,NoButton,Move,1240,709
9747,NoButton,Move,1240,709
9755,NoButton,Move,1240,709
9763,NoButton,Move,1240,709
9771,NoButton,Move,1240,708
9778,NoButton,Move,1240,706
9786,NoButton,Move,1240,706
9795,NoButton,Move,1240,706
9803,NoButton,Move,1240,705
9811,NoButton,Move,1240,703
9819,NoButton,Move,1240,703
9827,NoButton,Move,1240,703
9834,NoButton,Move,1240,703
9843,NoButton,Move,1240,702
9850,NoButton,Move,1240,702
9859,NoButton,Move,1240,700
9867,NoButton,Move,1240,699
9875,NoButton,Move,1240,697
9883,NoButton,Move,1240,696
9890,NoButton,Move,1240,696
9899,NoButton,Move,1240,694
9907,NoButton,Move,1240,693
9915,NoButton,Move,1240,693
9922,NoButton,Move,1240,693
9931,NoButton,Move,1240,693
9939,NoButton,Move,1240,693
9947,NoButton,Move,1240,691
9955,NoButton,Move,1240,690
9963,NoButton,Move,1240,690
9971,NoButton,Move,1240,690
9979,NoButton,Move,1240,690
9987,NoButton,Move,1240,690
9995,NoButton,Move,1240,690
10003,NoButton,Move,1240,690
10011,NoButton,Move,1240,690
10019,NoButton,Move,1240,690
10027,NoButton,Move,1240,690
10035,NoButton,Move,1240,690
10043,NoButton,Move,1240,690
10051,NoButton,Move,1240,690
10058,NoButton,Move,1240,690
10067,NoButton,Move,1240,690
10075,NoButton,Move,1240,690
10083,NoButton,Move,1240,690
10088,Left,Pressed,1240,690
10088,Left,Released,1240,690
11003,NoButton,Move,1237,691
11011,NoButton,Move,1237,691
11019,NoButton,Move,1237,691
11027,NoButton,Move,1237,691
11035,NoButton,Move,1237,691
11043,NoButton,Move,1237,691
11051,NoButton,Move,1237,691
11059,NoButton,Move,1237,691
11067,NoButton,Move,1237,691
11075,NoButton,Move,1237,691
11083,NoButton,Move,1237,691
11091,NoButton,Move,1237,691
11099,NoButton,Move,1237,691
11107,NoButton,Move,1237,691
11115,NoButton,Move,1237,691
11123,NoButton,Move,1237,691
11131,NoButton,Move,1237,691
11139,NoButton,Move,1237,691
11147,NoButton,Move,1237,691
11155,NoButton,Move,1237,691
11163,NoButton,Move,1237,691
11171,NoButton,Move,1238,690
11179,NoButton,Move,1241,688
11186,NoButton,Move,1242,687
11195,NoButton,Move,1244,684
11203,NoButton,Move,1245,682
11211,NoButton,Move,1247,681
11218,NoButton,Move,1248,681
11226,NoButton,Move,1248,679
11235,NoButton,Move,1250,679
11243,NoButton,Move,1250,678
11251,NoButton,Move,1251,678
11259,NoButton,Move,1251,676
11267,NoButton,Move,1251,676
11275,NoButton,Move,1253,675
11283,NoButton,Move,1253,675
11290,NoButton,Move,1253,675
11299,NoButton,Move,1253,675
11307,NoButton,Move,1253,675
11314,NoButton,Move,1253,675
11323,NoButton,Move,1253,675
11331,NoButton,Move,1253,675
11339,NoButton,Move,1253,675
11347,NoButton,Move,1253,675
11355,NoButton,Move,1253,675
11363,NoButton,Move,1253,675
11371,NoButton,Move,1253,675
11379,NoButton,Move,1253,675
11386,NoButton,Move,1253,675
11395,NoButton,Move,1254,675
11402,NoButton,Move,1254,675
11411,NoButton,Move,1257,672
11419,NoButton,Move,1259,669
11427,NoButton,Move,1260,669
11435,NoButton,Move,1263,667
11443,NoButton,Move,1263,666
11451,NoButton,Move,1263,666
11458,NoButton,Move,1263,666
11467,NoButton,Move,1263,666
11475,NoButton,Move,1263,666
11483,NoButton,Move,1263,666
11491,NoButton,Move,1263,666
11499,NoButton,Move,1263,666
11507,NoButton,Move,1263,666
11515,NoButton,Move,1263,666
11523,NoButton,Move,1263,666
11531,NoButton,Move,1263,666
11539,NoButton,Move,1263,666
11547,NoButton,Move,1263,666
11555,NoButton,Move,1263,666
11560,Left,Pressed,1263,666
11560,Left,Released,1263,666
11979,NoButton,Move,1263,666
11987,NoButton,Move,1263,666
11994,NoButton,Move,1263,666
12003,NoButton,Move,1263,666
12011,NoButton,Move,1263,666
12019,NoButton,Move,1263,666
12027,NoButton,Move,1263,666
12035,NoButton,Move,1263,666
12043,NoButton,Move,1263,666
12051,NoButton,Move,1263,666
12058,NoButton,Move,1263,666
12066,NoButton,Move,1263,666
12075,NoButton,Move,1263,666
12083,NoButton,Move,1263,666
12091,NoButton,Move,1265,666
12099,NoButton,Move,1268,667
12107,NoButton,Move,1269,667
12115,NoButton,Move,1271,668
12123,NoButton,Move,1272,668
12131,NoButton,Move,1274,670
12139,NoButton,Move,1275,670
12147,NoButton,Move,1277,670
12155,NoButton,Move,1278,671
12163,NoButton,Move,1280,671
12170,NoButton,Move,1281,671
12179,NoButton,Move,1283,673
12187,NoButton,Move,1284,673
12195,NoButton,Move,1286,673
12202,NoButton,Move,1289,674
12210,NoButton,Move,1289,674
12218,NoButton,Move,1290,676
12227,NoButton,Move,1292,676
12235,NoButton,Move,1293,676
12243,NoButton,Move,1295,677
12251,NoButton,Move,1296,677
12259,NoButton,Move,1298,679
12267,NoButton,Move,1299,679
12275,NoButton,Move,1299,679
12283,NoButton,Move,1299,679
12291,NoButton,Move,1299,679
12298,NoButton,Move,1299,679
12307,NoButton,Move,1299,679
12314,NoButton,Move,1299,679
12323,NoButton,Move,1301,679
12331,NoButton,Move,1301,679
12339,NoButton,Move,1301,679
12347,NoButton,Move,1301,679
12354,NoButton,Move,1301,679
12363,NoButton,Move,1301,679
12371,NoButton,Move,1301,679
12379,NoButton,Move,1301,679
12387,NoButton,Move,1301,679
12395,NoButton,Move,1301,679
12402,NoButton,Move,1301,679
12411,NoButton,Move,1301,679
12419,NoButton,Move,1301,679
12427,NoButton,Move,1301,679
12435,NoButton,Move,1301,679
12443,NoButton,Move,1301,679
12451,NoButton,Move,1301,679
12456,Left,Pressed,1301,679
12456,Left,Released,1301,679
13658,NoButton,Move,1282,678
13667,NoButton,Move,1282,678
13675,NoButton,Move,1282,678
13683,NoButton,Move,1282,678
13691,NoButton,Move,1282,678
13699,NoButton,Move,1282,678
13706,NoButton,Move,1282,678
13715,NoButton,Move,1282,678
13723,NoButton,Move,1282,678
13731,NoButton,Move,1282,678
13739,NoButton,Move,1282,678
13747,NoButton,Move,1282,678
13755,NoButton,Move,1282,678
13763,NoButton,Move,1282,678
13771,NoButton,Move,1282,678
13779,NoButton,Move,1283,678
13787,NoButton,Move,1284,679
13795,NoButton,Move,1286,679
13803,NoButton,Move,1287,680
13811,NoButton,Move,1289,682
13819,NoButton,Move,1292,683
13827,NoButton,Move,1293,685
13835,NoButton,Move,1295,685
13843,NoButton,Move,1296,686
13850,NoButton,Move,1296,686
13859,NoButton,Move,1298,688
13867,NoButton,Move,1298,688
13875,NoButton,Move,1298,689
13882,NoButton,Move,1299,689
13891,NoButton,Move,1299,689
13899,NoButton,Move,1301,691
13907,NoButton,Move,1302,692
13915,NoButton,Move,1302,692
13922,NoButton,Move,1302,694
13931,NoButton,Move,1304,694
13939,NoButton,Move,1304,694
13947,NoButton,Move,1304,694
13955,NoButton,Move,1304,694
13963,NoButton,Move,1304,694
13971,NoButton,Move,1304,694
13979,NoButton,Move,1304,694
13987,NoButton,Move,1304,694
13995,NoButton,Move,1304,694
14003,NoButton,Move,1304,694
14010,NoButton,Move,1304,694
14018,NoButton,Move,1304,694
14027,NoButton,Move,1304,694
14035,NoButton,Move,1304,694
14043,NoButton,Move,1304,694
14051,NoButton,Move,1304,694
14059,NoButton,Move,1304,694
14067,NoButton,Move,1304,694
14075,NoButton,Move,1304,694
14083,NoButton,Move,1304,694
14091,NoButton,Move,1304,695
14099,NoButton,Move,1305,695
14107,NoButton,Move,1305,695
14115,NoButton,Move,1305,695
14123,NoButton,Move,1305,695
14131,NoButton,Move,1305,695
14139,NoButton,Move,1305,695
14147,NoButton,Move,1305,695
14151,Left,Pressed,1305,695
14151,Left,Released,1305,695
14650,NoButton,Move,1305,695
14659,NoButton,Move,1305,695
14667,NoButton,Move,1305,695
14675,NoButton,Move,1305,695
14683,NoButton,Move,1305,695
14691,NoButton,Move,1305,695
14699,NoButton,Move,1305,695
14707,NoButton,Move,1305,695
14715,NoButton,Move,1305,695
14723,NoButton,Move,1305,695
14731,NoButton,Move,1305,695
14738,NoButton,Move,1305,697
14747,NoButton,Move,1305,698
14755,NoButton,Move,1305,698
14763,NoButton,Move,1305,698
14771,NoButton,Move,1305,701
14779,NoButton,Move,1305,703
14787,NoButton,Move,1305,704
14795,NoButton,Move,1305,709
14803,NoButton,Move,1305,713
14811,NoButton,Move,1304,716
14818,NoButton,Move,1303,721
14827,NoButton,Move,1301,725
14835,NoButton,Move,1301,728
14843,NoButton,Move,1300,731
14850,NoButton,Move,1300,734
14859,NoButton,Move,1298,736
14866,NoButton,Move,1298,737
14875,NoButton,Move,1298,737
14883,NoButton,Move,1298,737
14891,NoButton,Move,1298,739
14898,NoButton,Move,1298,739
14907,NoButton,Move,1298,739
14915,NoButton,Move,1298,739
14922,NoButton,Move,1298,739
14931,NoButton,Move,1298,739
14939,NoButton,Move,1298,739
14946,NoButton,Move,1298,739
14954,NoButton,Move,1298,739
14963,NoButton,Move,1298,739
14971,NoButton,Move,1298,739
14979,NoButton,Move,1298,739
14987,NoButton,Move,1298,739
14994,NoButton,Move,1298,739
15003,NoButton,Move,1298,739
15011,NoButton,Move,1298,739
15019,NoButton,Move,1298,739
15027,NoButton,Move,1298,739
15034,NoButton,Move,1298,739
15043,NoButton,Move,1298,739
15051,NoButton,Move,1298,739
15059,NoButton,Move,1299,739
15066,NoButton,Move,1299,738
15075,NoButton,Move,1301,738
15083,NoButton,Move,1302,738
15090,NoButton,Move,1302,738
15098,NoButton,Move,1302,736
15106,NoButton,Move,1302,736
15115,NoButton,Move,1302,736
15123,NoButton,Move,1302,736
15131,NoButton,Move,1304,735
15139,NoButton,Move,1305,735
15147,NoButton,Move,1305,735
15155,NoButton,Move,1307,733
15163,NoButton,Move,1307,733
15171,NoButton,Move,1307,733
15178,NoButton,Move,1307,733
15187,NoButton,Move,1307,733
15194,NoButton,Move,1307,733
15202,NoButton,Move,1307,733
15211,NoButton,Move,1307,733
15216,Left,Pressed,1307,733
15216,Left,Released,1307,733
15891,NoButton,Move,1307,733
15899,NoButton,Move,1307,733
15907,NoButton,Move,1307,733
15915,NoButton,Move,1307,733
15923,NoButton,Move,1307,733
15931,NoButton,Move,1307,733
15939,NoButton,Move,1307,733
15946,NoButton,Move,1307,733
15955,NoButton,Move,1307,733
15963,NoButton,Move,1307,733
15971,NoButton,Move,1307,733
15979,NoButton,Move,1306,733
15986,NoButton,Move,1304,734
15995,NoButton,Move,1301,736
16002,NoButton,Move,1300,736
16011,NoButton,Move,1298,739
16019,NoButton,Move,1297,739
16027,NoButton,Move,1295,739
16035,NoButton,Move,1295,739
16043,NoButton,Move,1295,739
16051,NoButton,Move,1295,739
16058,NoButton,Move,1295,739
16067,NoButton,Move,1295,739
16075,NoButton,Move,1295,739
16083,NoButton,Move,1295,739
16091,NoButton,Move,1295,739
16099,NoButton,Move,1295,739
16106,NoButton,Move,1295,739
16115,NoButton,Move,1295,739
16123,NoButton,Move,1295,739
16130,NoButton,Move,1295,739
16139,NoButton,Move,1295,739
16147,NoButton,Move,1295,739
16155,NoButton,Move,1295,739
16163,NoButton,Move,1295,739
16171,NoButton,Move,1295,739
16179,NoButton,Move,1295,739
16187,NoButton,Move,1295,739
16195,NoButton,Move,1295,739
16203,NoButton,Move,1295,739
16210,NoButton,Move,1295,739
16218,NoButton,Move,1295,739
16227,NoButton,Move,1294,739
16235,NoButton,Move,1291,739
16243,NoButton,Move,1289,739
16250,NoButton,Move,1289,739
16258,NoButton,Move,1286,739
16267,NoButton,Move,1285,739
16275,NoButton,Move,1283,740
16283,NoButton,Move,1282,740
16291,NoButton,Move,1280,740
16299,NoButton,Move,1280,740
16307,NoButton,Move,1280,742
16315,NoButton,Move,1280,742
16323,NoButton,Move,1280,742
16331,NoButton,Move,1280,742
16339,NoButton,Move,1280,742
16347,NoButton,Move,1280,742
16355,NoButton,Move,1280,742
16363,NoButton,Move,1280,742
16371,NoButton,Move,1280,742
16379,NoButton,Move,1280,742
16387,NoButton,Move,1280,742
16395,NoButton,Move,1280,742
16402,NoButton,Move,1280,742
16411,NoButton,Move,1280,742
16419,NoButton,Move,1280,742
16427,NoButton,Move,1280,742
16435,NoButton,Move,1280,742
16442,NoButton,Move,1280,742
16451,NoButton,Move,1280,742
16459,NoButton,Move,1280,742
16467,NoButton,Move,1280,742
16475,NoButton,Move,1280,742
16480,Left,Pressed,1280,742
16480,Left,Released,1280,742
